name,lat,lon,cuisine,tags,price_range,rating,city,address,review_count
St Honore Pastries,39.9555052,-75.1555641,bubble tea,"{'delivery': 'False', 'takeout': 'True', 'outdoor': 'False', 'parking': ""{'garage': False, 'street': True, 'validated': False, 'lot': False, 'valet': False}""}",low,4.0,Philadelphia,935 Race St,80
Tuna Bar,39.953949,-75.1432262,sushi bars,"{'delivery': 'True', 'takeout': 'True', 'outdoor': 'True', 'parking': ""{u'valet': False, u'garage': None, u'street': True, u'lot': False, u'validated': None}""}",medium,4.0,Philadelphia,205 Race St,245
BAP,39.943223,-75.162568,korean,"{'delivery': 'None', 'takeout': 'True', 'outdoor': 'None', 'parking': ""{'garage': False, 'street': True, 'validated': False, 'lot': False, 'valet': False}""}",low,4.5,Philadelphia,1224 South St,205
Craft Hall,39.9625821,-75.1356571,eatertainment,"{'delivery': 'True', 'takeout': 'True', 'outdoor': 'True', 'parking': ""{'garage': False, 'street': False, 'validated': False, 'lot': True, 'valet': False}""}",medium,3.5,Philadelphia,901 N Delaware Ave,65
Wawa,39.954573,-75.1948936,automotive,"{'delivery': 'True', 'takeout': 'True', 'outdoor': 'False', 'parking': ""{'garage': False, 'street': True, 'validated': False, 'lot': False, 'valet': False}""}",low,3.0,Philadelphia,3604 Chestnut St,56
Golden Chopstick Chinese Restaurant,39.963077709,-75.1680274529,chinese,"{'delivery': 'True', 'takeout': 'True', 'outdoor': 'False', 'parking': ""{'garage': False, 'street': True, 'validated': False, 'lot': False, 'valet': False}""}",low,3.0,Philadelphia,1800 Spring Garden St,137
Giant Food Stores,39.9565280024,-75.178013742,grocery,"{'delivery': 'True', 'takeout': 'True', 'outdoor': 'False', 'parking': ""{u'valet': False, u'garage': True, u'street': False, u'lot': True, u'validated': False}""}",medium,4.0,Philadelphia,60 N 23rd St,19
Wendy's,40.012141,-75.1150148,burgers,"{'delivery': 'True', 'takeout': 'True', 'outdoor': 'False', 'parking': ""{'garage': False, 'street': False, 'validated': False, 'lot': False, 'valet': False}""}",low,1.5,Philadelphia,700 E. Hunting Park,15
ReAnimator Coffee,39.9764555,-75.1270254,coffee & tea,"{'delivery': 'False', 'takeout': 'True', 'outdoor': 'True', 'parking': ""{'garage': False, 'street': True, 'validated': False, 'lot': False, 'valet': False}""}",low,4.0,Philadelphia,1523 E Susquehanna Ave,105
Red Hook Coffee & Tea,39.9385518,-75.1496356,breakfast & brunch,"{'delivery': 'False', 'takeout': 'True', 'outdoor': 'True', 'parking': ""{'garage': False, 'street': True, 'validated': False, 'lot': False, 'valet': False}""}",low,4.5,Philadelphia,765 S 4th St,183
CVS Pharmacy,40.0612774187,-75.2372046062,drugstores,"{'delivery': 'True', 'takeout': 'False', 'outdoor': 'False', 'parking': ""{'garage': False, 'street': False, 'validated': False, 'lot': True, 'valet': False}""}",low,3.0,Philadelphia,518 Port Royal Ave,11
Baltic Bakery,39.9768798,-75.1161695,bakeries,"{'delivery': 'False', 'takeout': 'False', 'outdoor': 'False', 'parking': ""{'garage': False, 'street': True, 'validated': False, 'lot': False, 'valet': False}""}",low,4.5,Philadelphia,2609 Edgemont St,12
Brown Sugar Bakery & Cafe,39.9563959,-75.2253784,cupcakes,"{'delivery': 'True', 'takeout': 'True', 'outdoor': 'False', 'parking': ""{'garage': False, 'street': True, 'validated': False, 'lot': False, 'valet': False}""}",low,4.5,Philadelphia,219 S 52nd St,66
Best Tours,40.1197128,-75.0097103,tours,{},medium,1.0,Philadelphia,,38
Federal Donuts,39.963042,-75.1741858944,sandwiches,{},medium,4.5,Philadelphia,2101 Pennsylvania Ave,11
Crown Fried Chicken,39.9368911,-75.1672837,fast food,"{'delivery': 'True', 'takeout': 'True', 'outdoor': 'False', 'parking': ""{'garage': None, 'street': True, 'validated': None, 'lot': False, 'valet': False}""}",low,2.5,Philadelphia,1128 S Broad St,16
The Love,39.9506555,-75.1708991,american (new),"{'delivery': 'True', 'takeout': 'True', 'outdoor': 'True', 'parking': ""{'garage': False, 'street': True, 'validated': False, 'lot': False, 'valet': False}""}",medium,4.0,Philadelphia,130 S 18th St,618
Jong Ka Jib,40.0520643,-75.1273939,korean,"{'delivery': 'None', 'takeout': 'True', 'outdoor': 'False', 'parking': ""{'garage': False, 'street': True, 'validated': False, 'lot': True, 'valet': False}""}",medium,4.5,Philadelphia,6600 N 5th St,351
Marcie Blaine,39.950036,-75.162158,desserts,"{'delivery': 'False', 'takeout': 'False', 'outdoor': 'False', 'parking': ""{'garage': False, 'street': False, 'validated': False, 'lot': False, 'valet': False}""}",high,3.5,Philadelphia,108 S 13th St,8
The Twisted Tail,39.9418766,-75.1451988,event planning & services,"{'delivery': 'False', 'takeout': 'True', 'outdoor': 'True', 'parking': ""{'garage': False, 'street': True, 'validated': False, 'lot': False, 'valet': False}""}",medium,4.0,Philadelphia,509 S 2nd St,604
Chick-fil-A,40.08178,-75.0267907,event planning & services,"{'delivery': 'True', 'takeout': 'True', 'outdoor': 'False', 'parking': ""{'garage': False, 'street': False, 'validated': False, 'lot': True, 'valet': False}""}",low,4.0,Philadelphia,9711 Roosevelt Blvd,80
Checkers,39.9719414,-75.159771,fast food,"{'delivery': 'True', 'takeout': 'True', 'outdoor': 'True', 'parking': ""{'garage': False, 'street': False, 'validated': False, 'lot': True, 'valet': False}""}",low,2.0,Philadelphia,1208 N. Broad,21
NY Bagel & Deli Shop,39.960811,-75.1573883,bagels,"{'delivery': 'True', 'takeout': 'True', 'outdoor': 'False', 'parking': ""{'garage': False, 'street': True, 'validated': False, 'lot': False, 'valet': False}""}",medium,4.0,Philadelphia,1120 Buttonwood St,31
KFC,40.031578,-75.104787,chicken shop,"{'delivery': 'True', 'takeout': 'True', 'outdoor': 'False', 'parking': 'None'}",low,2.0,Philadelphia,716 Adams Ave,7
The Royal Indian Cuisine,39.948365,-75.1744997,indian,"{'delivery': 'True', 'takeout': 'True', 'outdoor': 'False', 'parking': ""{'garage': False, 'street': True, 'validated': False, 'lot': False, 'valet': False}""}",medium,4.0,Philadelphia,272 S 20th St,28
McDonald's,40.0884161,-74.9650112,fast food,"{'delivery': 'True', 'takeout': 'True', 'outdoor': 'False', 'parking': ""{'garage': False, 'street': False, 'validated': False, 'lot': False, 'valet': False}""}",low,1.5,Philadelphia,501 Franklin Mill Cir,20
CVS Optical,39.9315261618,-75.1607671842,shopping,"{'delivery': 'True', 'takeout': 'False', 'outdoor': 'False', 'parking': ""{'garage': False, 'street': True, 'validated': False, 'lot': True, 'valet': False}""}",medium,2.5,Philadelphia,1405 South 10th St,35
Cedar Park Cafe,39.94796,-75.22198,diners,"{'delivery': 'True', 'takeout': 'True', 'outdoor': 'False', 'parking': ""{'garage': False, 'street': True, 'validated': False, 'lot': False, 'valet': False}""}",low,4.0,Philadelphia,4914 Baltimore Ave,301
Edible Arrangements,40.035169,-75.216409,flowers & gifts,"{'delivery': 'True', 'takeout': 'True', 'outdoor': 'False', 'parking': ""{'garage': False, 'street': True, 'validated': False, 'lot': False, 'valet': False}""}",medium,3.5,Philadelphia,"6153 Ridge Ave, Unit A",10
The Coventry Deli,39.953291,-75.173645,delis,"{'delivery': 'True', 'takeout': 'True', 'outdoor': 'True', 'parking': ""{'garage': False, 'street': False, 'validated': False, 'lot': False, 'valet': False}""}",low,4.0,Philadelphia,2000 Market St,65
Sean Thorntons Public House,39.988107,-75.105553,irish pub,"{'delivery': 'True', 'takeout': 'True', 'outdoor': 'False', 'parking': ""{'garage': False, 'street': True, 'validated': False, 'lot': True, 'valet': False}""}",low,3.5,Philadelphia,2401 E Allegheny Ave,6
Flambo Caribbean Restaurant,39.9686973,-75.1606146,trinidadian,"{'delivery': 'None', 'takeout': 'True', 'outdoor': 'False', 'parking': ""{'garage': False, 'street': True, 'validated': False, 'lot': True, 'valet': False}""}",medium,4.5,Philadelphia,820 N Broad St,138
Wawa,39.9510885597,-75.1989988336,delis,"{'delivery': 'True', 'takeout': 'True', 'outdoor': 'False', 'parking': ""{'garage': False, 'street': True, 'validated': False, 'lot': False, 'valet': False}""}",low,3.5,Philadelphia,3744 Spruce St,50
Minas Pizza,40.0352350987,-75.2167929785,pizza,"{'delivery': 'True', 'takeout': 'True', 'outdoor': 'False', 'parking': ""{'garage': False, 'street': True, 'validated': False, 'lot': False, 'valet': False}""}",low,3.0,Philadelphia,6151 Ridge Ave,54
The Lunar Inn,39.9822933,-75.1031599,bars,"{'delivery': 'False', 'takeout': 'True', 'outdoor': 'True', 'parking': ""{'garage': False, 'street': True, 'validated': False, 'lot': False, 'valet': False}""}",medium,4.5,Philadelphia,3124 Richmond St,29
Chase's Hop Shop,40.0603863,-75.0845897,chicken wings,"{'delivery': 'None', 'takeout': 'True', 'outdoor': 'True', 'parking': ""{'garage': False, 'street': True, 'validated': False, 'lot': True, 'valet': False}""}",low,4.5,Philadelphia,7235 Rising Sun Ave,116
Beck's Cajun Cafe,39.9533224742,-75.1590000821,cajun/creole,"{'delivery': 'True', 'takeout': 'True', 'outdoor': 'False', 'parking': ""{'garage': True, 'street': True, 'validated': False, 'lot': False, 'valet': False}""}",low,4.0,Philadelphia,51 N 12th St,485
Golden Triangle,39.9415201345,-75.1509702725,malaysian,"{'delivery': 'True', 'takeout': 'True', 'outdoor': 'None', 'parking': ""{'garage': False, 'street': True, 'validated': False, 'lot': False, 'valet': False}""}",medium,4.5,Philadelphia,610 S 5th St,159
Breakfast Boutique Chestnut Hill,40.0771492176,-75.2087070076,breakfast & brunch,"{'delivery': 'True', 'takeout': 'True', 'outdoor': 'False', 'parking': ""{'garage': False, 'street': True, 'validated': False, 'lot': True, 'valet': False}""}",medium,3.0,Philadelphia,8630 Germantown Ave,151
Forin Cafe,39.9813471541,-75.1322471288,shopping,"{'delivery': 'False', 'takeout': 'True', 'outdoor': 'True', 'parking': 'False'}",medium,4.5,Philadelphia,"2041 Coral St, Ste 2",10
Tony's Luke,39.8773236045,-75.2436721818,cheesesteaks,"{'delivery': 'False', 'takeout': 'True', 'outdoor': 'False', 'parking': ""{'garage': False, 'street': False, 'validated': None, 'lot': False, 'valet': False}""}",medium,2.5,Philadelphia,8500 Essington Ave,172
Sunoco,39.983319,-75.101136,delis,"{'delivery': 'False', 'takeout': 'False', 'outdoor': 'False', 'parking': 'False'}",low,2.5,Philadelphia,3200 Richmond St,8
Mood Cafe,39.9486639126,-75.2158315415,cafes,"{'delivery': 'True', 'takeout': 'True', 'outdoor': 'True', 'parking': ""{'garage': False, 'street': True, 'validated': False, 'lot': False, 'valet': False}""}",low,4.5,Philadelphia,4618 Baltimore Ave,458
Wilson's Market,40.0390528,-75.1438169,specialty food,"{'delivery': 'False', 'takeout': 'True', 'outdoor': 'False', 'parking': ""{'garage': False, 'street': False, 'validated': False, 'lot': False, 'valet': False}""}",low,3.5,Philadelphia,1337 W Olney Ave,13
Southgate,39.9455687,-75.1717901,breakfast & brunch,"{'delivery': 'True', 'takeout': 'True', 'outdoor': 'True', 'parking': ""{'garage': False, 'street': True, 'validated': False, 'lot': False, 'valet': False}""}",medium,4.0,Philadelphia,1801 Lombard St,323
Falls Deli,40.0128847,-75.1901845,bagels,"{'delivery': 'True', 'takeout': 'True', 'outdoor': 'True', 'parking': ""{'garage': False, 'street': True, 'validated': False, 'lot': False, 'valet': False}""}",medium,4.5,Philadelphia,3492 Tilden St,31
Angelina's,39.940221217,-75.1557966694,italian,"{'delivery': 'True', 'takeout': 'False', 'outdoor': 'False', 'parking': ""{'garage': False, 'street': False, 'validated': False, 'lot': False, 'valet': False}""}",high,4.5,Philadelphia,743 S 8th St,49
Crown Fried Chicken,39.971145,-75.15902,chicken wings,"{'delivery': 'True', 'takeout': 'True', 'outdoor': 'False', 'parking': 'False'}",low,3.5,Philadelphia,933 N Broad St,11
Gigi and Big R,39.9512903,-75.1992768,caribbean,"{'delivery': 'True', 'takeout': 'True', 'outdoor': 'False', 'parking': ""{u'valet': False, u'garage': False, u'street': True, u'lot': False, u'validated': None}""}",medium,4.0,Philadelphia,38th and Spruce,81
O Sole Mio,39.9378287,-75.1482632,seafood,"{'delivery': 'True', 'takeout': 'True', 'outdoor': 'True', 'parking': ""{'garage': None, 'street': None, 'validated': None, 'lot': False, 'valet': False}""}",medium,4.5,Philadelphia,250 Catharine St,85
Fine Wine & Good Spirits - Premium Collection,39.9500812,-75.1593054,beer,"{'delivery': 'False', 'takeout': 'False', 'outdoor': 'False', 'parking': 'False'}",medium,2.0,Philadelphia,"1112 Chestnut St, Ste 28",7
Taqueria La Hacienda,40.02202,-75.1240606,latin american,"{'delivery': 'True', 'takeout': 'True', 'outdoor': 'None', 'parking': 'False'}",low,3.5,Philadelphia,4715 N Front St,10
Butter's Soul Food,39.9741307,-75.1815903,caterers,"{'delivery': 'True', 'takeout': 'True', 'outdoor': 'True', 'parking': ""{'garage': False, 'street': True, 'validated': False, 'lot': False, 'valet': False}""}",medium,3.0,Philadelphia,2730 W Girard Ave,77
Alchemy Coffee,39.9511237,-75.1755163,coffee & tea,"{'delivery': 'False', 'takeout': 'True', 'outdoor': 'True', 'parking': ""{u'valet': False, u'garage': None, u'street': None, u'lot': False, u'validated': None}""}",medium,5.0,Philadelphia,119 S 21st St,19
Cannuli's Quality Meats & Poultry,39.9378963,-75.1579013,specialty food,"{'delivery': 'False', 'takeout': 'True', 'outdoor': 'False', 'parking': ""{'garage': False, 'street': True, 'validated': False, 'lot': False, 'valet': False}""}",medium,4.5,Philadelphia,937 S 9th St,38
Saladworks,39.9557501,-75.1819889,salad,"{'delivery': 'True', 'takeout': 'True', 'outdoor': 'False', 'parking': 'False'}",low,3.5,Philadelphia,"2955 Market St, Ste 221",8
Olly,39.9408776,-75.1511064,pizza,"{'delivery': 'False', 'takeout': 'False', 'outdoor': 'False', 'parking': ""{'garage': False, 'street': True, 'validated': False, 'lot': False, 'valet': False}""}",medium,4.0,Philadelphia,700 S 5th St,51
Spice Grill,39.9862724,-75.094699,chinese,"{'delivery': 'True', 'takeout': 'True', 'outdoor': 'False', 'parking': ""{'garage': False, 'street': False, 'validated': False, 'lot': False, 'valet': False}""}",low,3.5,Philadelphia,3447-61 Richmond St,12
Han Dynasty,39.9567105161,-75.1971027811,chinese,"{'delivery': 'True', 'takeout': 'True', 'outdoor': 'None', 'parking': ""{'garage': True, 'street': True, 'validated': True, 'lot': True, 'valet': False}""}",medium,4.0,Philadelphia,3711 Market St,783
Guavaberry Foods & Drinks ,39.938371,-75.1501031,delis,"{'delivery': 'True', 'takeout': 'True', 'outdoor': 'False', 'parking': ""{'garage': False, 'street': False, 'validated': False, 'lot': False, 'valet': False}""}",medium,4.0,Philadelphia,776 S 4th St,13
John's Seafood,39.9709958,-75.1581617,seafood,"{'delivery': 'False', 'takeout': 'True', 'outdoor': 'False', 'parking': ""{'garage': None, 'street': True, 'validated': None, 'lot': False, 'valet': False}""}",low,3.0,Philadelphia,1326 W Girard Ave,9
México Lindo,39.926402,-75.1575374,mexican,"{'delivery': 'True', 'takeout': 'True', 'outdoor': 'False', 'parking': ""{'garage': False, 'street': True, 'validated': False, 'lot': False, 'valet': False}""}",low,4.5,Philadelphia,700 Moore St,73
Junes Breakfast,39.9850064107,-75.246888042,breakfast & brunch,"{'delivery': 'False', 'takeout': 'True', 'outdoor': 'False', 'parking': ""{'garage': False, 'street': True, 'validated': False, 'lot': False, 'valet': False}""}",low,2.5,Philadelphia,6227 Lancaster Ave,20
Lincoln Chicken Pizza And Grill,39.9738754,-75.1794242,cheesesteaks,"{'delivery': 'True', 'takeout': 'True', 'outdoor': 'False', 'parking': 'False'}",low,2.5,Philadelphia,2614 W Girard Ave,20
Crab & Claw,40.0719622,-75.157311,seafood markets,"{'delivery': 'False', 'takeout': 'True', 'outdoor': 'False', 'parking': ""{'garage': False, 'street': False, 'validated': False, 'lot': True, 'valet': False}""}",medium,3.0,Philadelphia,7801 Ogontz Ave,65
Urban Eatery,39.9570681,-75.1916189,food court,"{'delivery': 'False', 'takeout': 'False', 'outdoor': 'False', 'parking': 'False'}",medium,2.0,Philadelphia,3400 Lancaster Ave,9
Dragon House,39.9503586,-75.1615836,chinese,{},medium,4.0,Philadelphia,1228 Chestnut St,5
Buca D’Oro ,39.9470772078,-75.1541655511,italian,"{'delivery': 'False', 'takeout': 'True', 'outdoor': 'True', 'parking': 'False'}",medium,4.0,Philadelphia,711 Locust St,5
Pho Nam Giang,40.0860776,-74.9648083509,chinese,"{'delivery': 'True', 'takeout': 'True', 'outdoor': 'False', 'parking': ""{u'valet': False, u'garage': None, u'street': True, u'lot': None, u'validated': False}""}",medium,4.5,Philadelphia,427 Franklin Mills Cir,23
Chuck's Alibi,40.061417,-75.0833451,seafood,"{'delivery': 'None', 'takeout': 'True', 'outdoor': 'False', 'parking': ""{'garage': False, 'street': True, 'validated': False, 'lot': True, 'valet': True}""}",medium,2.0,Philadelphia,7301 Oxford Ave,76
J'aime French Bakery,39.948081,-75.1608093,juice bars & smoothies,"{'delivery': 'True', 'takeout': 'True', 'outdoor': 'True', 'parking': ""{'garage': False, 'street': True, 'validated': False, 'lot': False, 'valet': False}""}",medium,4.5,Philadelphia,212 S 12th St,310
Lucky Wok Restaurant,40.0342865,-75.1307075,chinese,"{'delivery': 'False', 'takeout': 'True', 'outdoor': 'False', 'parking': ""{'garage': False, 'street': False, 'validated': False, 'lot': False, 'valet': False}""}",low,2.5,Philadelphia,5431 N 5th St,6
Mike's Breakfast,40.045729,-75.11891,breakfast & brunch,"{'delivery': 'True', 'takeout': 'True', 'outdoor': 'False', 'parking': ""{'garage': False, 'street': False, 'validated': False, 'lot': False, 'valet': False}""}",low,3.0,Philadelphia,"6201 N Front St, Ste 16",15
Pub & Kitchen,39.9456566,-75.1747733,pubs,"{'delivery': 'True', 'takeout': 'True', 'outdoor': 'True', 'parking': ""{'garage': False, 'street': True, 'validated': False, 'lot': True, 'valet': False}""}",medium,3.5,Philadelphia,1946 Lombard St,615
Quality Pizza,40.0509209,-75.094581,pizza,"{'delivery': 'True', 'takeout': 'True', 'outdoor': 'False', 'parking': ""{'garage': False, 'street': False, 'validated': False, 'lot': False, 'valet': False}""}",medium,3.0,Philadelphia,6438 Rising Sun Ave,19
Three 12 Sport Bar and Lounge,39.9499452,-75.146352,lounges,"{'delivery': 'True', 'takeout': 'True', 'outdoor': 'True', 'parking': ""{'garage': True, 'street': True, 'validated': False, 'lot': True, 'valet': False}""}",medium,2.5,Philadelphia,312 Market St,33
Hammerheads Bar & Grille,40.0374692,-75.0417837,dive bars,"{'delivery': 'False', 'takeout': 'False', 'outdoor': 'False', 'parking': ""{'garage': False, 'street': True, 'validated': False, 'lot': False, 'valet': False}""}",low,2.5,Philadelphia,3517 Cottman Ave,15
Square 1682,39.9508011,-75.1686108,american (new),"{'delivery': 'True', 'takeout': 'True', 'outdoor': 'True', 'parking': ""{'garage': False, 'street': True, 'validated': False, 'lot': False, 'valet': True}""}",medium,3.5,Philadelphia,121 S 17th St,385
Franzone's Pizzeria & Restaurant,40.026465,-75.2244958,pizza,"{'delivery': 'True', 'takeout': 'True', 'outdoor': 'True', 'parking': ""{'garage': False, 'street': True, 'validated': False, 'lot': False, 'valet': False}""}",low,3.5,Philadelphia,114 Levering St,110
Vientiane Café,39.9483087,-75.2178905,vietnamese,"{'delivery': 'True', 'takeout': 'True', 'outdoor': 'True', 'parking': ""{'garage': False, 'street': True, 'validated': False, 'lot': False, 'valet': False}""}",medium,4.0,Philadelphia,4728 Baltimore Ave,304
Menchie's Frozen Yogurt,40.076192,-75.031427,desserts,"{'delivery': 'True', 'takeout': 'True', 'outdoor': 'False', 'parking': ""{'garage': False, 'street': False, 'validated': False, 'lot': True, 'valet': False}""}",low,4.0,Philadelphia,9173 Roosevelt Blvd,19
Passero's Coffee Roasters,39.9542012,-75.1674658,coffee & tea,"{'delivery': 'False', 'takeout': 'True', 'outdoor': 'False', 'parking': ""{'garage': False, 'street': True, 'validated': False, 'lot': False, 'valet': False}""}",low,4.5,Philadelphia,1601 John F Kennedy Blvd,91
Starbucks,39.96651,-75.140377,coffee & tea,"{'delivery': 'False', 'takeout': 'False', 'outdoor': 'False', 'parking': ""{u'valet': False, u'garage': False, u'street': True, u'lot': None, u'validated': None}""}",medium,2.5,Philadelphia,1018 N 2nd St,13
Domino's Pizza,39.9453395,-75.238934,pizza,{},medium,2.0,Philadelphia,5754 Baltimore Ave,5
Gachi Sushi and Noodle,39.8946117,-75.2292952,noodles,"{'delivery': 'False', 'takeout': 'True', 'outdoor': 'False', 'parking': ""{'garage': False, 'street': False, 'validated': False, 'lot': False, 'valet': False}""}",medium,4.0,Philadelphia,"8500 Essington Ave, A West Terminal",95
Goody's Pizza,40.0274889,-75.0611831,pizza,"{'delivery': 'True', 'takeout': 'True', 'outdoor': 'False', 'parking': ""{'garage': False, 'street': False, 'validated': False, 'lot': False, 'valet': False}""}",low,2.0,Philadelphia,6237 Frankford Ave,25
Little Caesars Pizza,39.9139475,-75.1520299,pizza,"{'delivery': 'True', 'takeout': 'True', 'outdoor': 'False', 'parking': ""{'garage': False, 'street': False, 'validated': False, 'lot': False, 'valet': False}""}",low,3.0,Philadelphia,200 W Oregon Ave,10
George's Wings,40.0643044322,-74.9868814021,american (traditional),"{'delivery': 'True', 'takeout': 'True', 'outdoor': 'False', 'parking': ""{'garage': False, 'street': True, 'validated': False, 'lot': True, 'valet': False}""}",low,3.5,Philadelphia,3818 Morrell Ave,50
Vineyards Cafe,39.969939,-75.163026,coffee & tea,"{'delivery': 'True', 'takeout': 'False', 'outdoor': 'True', 'parking': ""{'garage': False, 'street': True, 'validated': False, 'lot': False, 'valet': False}""}",low,4.5,Philadelphia,847 N 16th St,192
PrimoHoagies,39.9209271,-75.1733058,delis,"{'delivery': 'True', 'takeout': 'True', 'outdoor': 'False', 'parking': ""{'garage': False, 'street': True, 'validated': False, 'lot': False, 'valet': False}""}",low,4.0,Philadelphia,1528 W Ritner St,43
Hyon's Seafood,39.9350405,-75.179381,seafood,"{'delivery': 'True', 'takeout': 'True', 'outdoor': 'False', 'parking': ""{'garage': False, 'street': False, 'validated': False, 'lot': False, 'valet': False}""}",medium,3.5,Philadelphia,1320 S 21st St,5
Ron's Caribbean Cuisine,40.0407573,-75.1448014,ethnic food,"{'delivery': 'False', 'takeout': 'True', 'outdoor': 'False', 'parking': ""{'garage': False, 'street': True, 'validated': False, 'lot': False, 'valet': False}""}",medium,4.0,Philadelphia,5726 N Broad St,142
Tom's Corner Grill & Pizza,40.0406177,-75.0438084,pizza,"{'delivery': 'True', 'takeout': 'True', 'outdoor': 'False', 'parking': ""{'garage': False, 'street': False, 'validated': False, 'lot': False, 'valet': False}""}",low,3.5,Philadelphia,7375 Crabtree St,11
Los Compadres,39.9553865,-75.1910637,mexican,"{'delivery': 'False', 'takeout': 'True', 'outdoor': 'False', 'parking': ""{'garage': False, 'street': False, 'validated': False, 'lot': False, 'valet': False}""}",low,4.0,Philadelphia,3300 Market St,12
Rittenhouse Market,39.9478453288,-75.1708737016,grocery,"{'delivery': 'True', 'takeout': 'True', 'outdoor': 'False', 'parking': ""{'garage': False, 'street': True, 'validated': False, 'lot': False, 'valet': False}""}",high,2.5,Philadelphia,1733 Spruce St,113
Los Potrillos,40.0123759,-75.1124633,american (traditional),"{'delivery': 'True', 'takeout': 'True', 'outdoor': 'False', 'parking': 'False'}",medium,4.0,Philadelphia,4200 G St.,17
Kurry Shack,39.9229257,-75.1525267,vegetarian,"{'delivery': 'True', 'takeout': 'True', 'outdoor': 'True', 'parking': ""{'garage': None, 'street': None, 'validated': False, 'lot': False, 'valet': False}""}",medium,3.5,Philadelphia,2015 E Moyamensing Ave,29
Wawa,39.953351,-75.172624,automotive,"{'delivery': 'True', 'takeout': 'True', 'outdoor': 'False', 'parking': ""{'garage': True, 'street': True, 'validated': False, 'lot': False, 'valet': False}""}",low,2.5,Philadelphia,19th St & Market St,45
The Black Sheep Pub & Restaurant,39.9484223,-75.1692901,bars,"{'delivery': 'None', 'takeout': 'True', 'outdoor': 'False', 'parking': ""{'garage': False, 'street': True, 'validated': False, 'lot': False, 'valet': False}""}",medium,3.5,Philadelphia,247 S 17th St,339
CVS Pharmacy,40.018625,-75.214313,shopping,"{'delivery': 'True', 'takeout': 'False', 'outdoor': 'False', 'parking': ""{'garage': False, 'street': False, 'validated': False, 'lot': True, 'valet': False}""}",low,3.0,Philadelphia,3780 Main St,33
Hunnies Crispy Chicken,39.9491591674,-75.1671322221,chicken shop,"{'delivery': 'None', 'takeout': 'None', 'outdoor': 'False', 'parking': 'False'}",medium,2.0,Philadelphia,223 S Sydenham St,5
Slices Pizza,40.0096537,-75.1954732,pizza,"{'delivery': 'True', 'takeout': 'True', 'outdoor': 'True', 'parking': ""{'garage': False, 'street': True, 'validated': False, 'lot': False, 'valet': False}""}",low,4.0,Philadelphia,4249 Ridge Ave,122
Lazos Pizza & Grill,39.9727751034,-75.1789870874,pizza,"{'delivery': 'True', 'takeout': 'True', 'outdoor': 'False', 'parking': ""{'garage': False, 'street': True, 'validated': False, 'lot': False, 'valet': False}""}",low,4.0,Philadelphia,2533 Poplar St,176
New England Pizza,40.0400368,-75.0662936,pizza,"{'delivery': 'True', 'takeout': 'True', 'outdoor': 'False', 'parking': ""{'garage': False, 'street': False, 'validated': False, 'lot': False, 'valet': False}""}",low,3.0,Philadelphia,6728 Bustleton Ave,22
Ramble Pizza,39.9793657,-75.1253492,pizza,"{'delivery': 'False', 'takeout': 'True', 'outdoor': 'False', 'parking': ""{'garage': False, 'street': False, 'validated': False, 'lot': False, 'valet': False}""}",low,4.5,Philadelphia,,19
Sue's Market,39.946233,-75.1455404,beer,"{'delivery': 'False', 'takeout': 'True', 'outdoor': 'False', 'parking': 'False'}",medium,4.0,Philadelphia,275 St James Pl,9
Brûlée Catering,39.9299319,-75.1465054,event planning & services,"{'delivery': 'False', 'takeout': 'False', 'outdoor': 'False', 'parking': 'False'}",medium,5.0,Philadelphia,1406 S Front St,7
Domino's Pizza,39.9178706,-75.1869588,sandwiches,"{'delivery': 'True', 'takeout': 'True', 'outdoor': 'False', 'parking': ""{'garage': False, 'street': False, 'validated': False, 'lot': False, 'valet': False}""}",low,2.0,Philadelphia,"2308 W Oregon Ave, Ste C",26
Charlie's Roast Pork,39.9315335419,-75.1496175304,breakfast & brunch,"{'delivery': 'True', 'takeout': 'True', 'outdoor': 'True', 'parking': ""{'garage': False, 'street': True, 'validated': False, 'lot': False, 'valet': False}""}",medium,4.5,Philadelphia,1301 S 3rd St,30
Dunkin',39.979683,-75.2697307,coffee & tea,"{'delivery': 'True', 'takeout': 'True', 'outdoor': 'False', 'parking': ""{'garage': False, 'street': False, 'validated': False, 'lot': False, 'valet': False}""}",low,2.0,Philadelphia,7520 City Line Ave,10
New Liberty Distillery,39.9737458,-75.1405645,beer,"{'delivery': 'True', 'takeout': 'True', 'outdoor': 'True', 'parking': ""{'garage': False, 'street': True, 'validated': False, 'lot': False, 'valet': False}""}",medium,4.5,Philadelphia,1431 N Cadwallader St,48
Starbucks,39.949485,-75.1673521,coffee & tea,"{'delivery': 'False', 'takeout': 'True', 'outdoor': 'False', 'parking': ""{u'valet': False, u'garage': None, u'street': True, u'lot': False, u'validated': False}""}",medium,3.0,Philadelphia,1528 Walnut St,39
Tomo Sushi & Ramen,39.951923,-75.144335,japanese,"{'delivery': 'True', 'takeout': 'True', 'outdoor': 'True', 'parking': ""{u'valet': False, u'garage': None, u'street': True, u'lot': False, u'validated': None}""}",medium,4.5,Philadelphia,228 Arch St,193
City Food Tours,39.9556241,-75.1647529,hotels & travel,"{'delivery': 'False', 'takeout': 'False', 'outdoor': 'False', 'parking': ""{'garage': False, 'street': False, 'validated': False, 'lot': False, 'valet': False}""}",medium,4.5,Philadelphia,,48
Loco Lucho's Latino Kitchen,39.9531593,-75.1590984,spanish,"{'delivery': 'None', 'takeout': 'None', 'outdoor': 'True', 'parking': ""{'garage': False, 'street': False, 'validated': False, 'lot': False, 'valet': False}""}",medium,3.5,Philadelphia,51 N 12th St,40
Potito's Italian American Pastries,39.9210221,-75.1744313,bakeries,"{'delivery': 'True', 'takeout': 'True', 'outdoor': 'False', 'parking': ""{'garage': False, 'street': True, 'validated': False, 'lot': False, 'valet': False}""}",medium,3.5,Philadelphia,1614 W Ritner St,88
Smiths Restaurant and Bar,39.9522486027,-75.1716919961,american (new),"{'delivery': 'True', 'takeout': 'True', 'outdoor': 'False', 'parking': ""{'garage': True, 'street': True, 'validated': False, 'lot': False, 'valet': False}""}",medium,3.0,Philadelphia,"39 S 19th St, Ste 41",225
Gaetano’s,39.9604844097,-75.1977337,pizza,"{'delivery': 'True', 'takeout': 'True', 'outdoor': 'False', 'parking': 'False'}",medium,3.5,Philadelphia,3820 Lancaster Ave,6
Rite Aid,40.0428585375,-75.1798537374,shopping,"{'delivery': 'False', 'takeout': 'False', 'outdoor': 'False', 'parking': ""{'garage': False, 'street': False, 'validated': False, 'lot': False, 'valet': False}""}",low,2.0,Philadelphia,6201 Germantown Ave,6
Las Cazuelas Restaurant BYOB,39.9698623,-75.1439919,tacos,"{'delivery': 'True', 'takeout': 'True', 'outdoor': 'True', 'parking': ""{'garage': False, 'street': True, 'validated': False, 'lot': False, 'valet': False}""}",medium,4.0,Philadelphia,426 W Girard Ave,338
D'S Caribbean And American Food,40.000452,-75.1662905577,caribbean,"{'delivery': 'True', 'takeout': 'True', 'outdoor': 'False', 'parking': 'False'}",medium,3.5,Philadelphia,3009 N 22nd St,10
Sorrento Pizzeria And Grill,39.9498507065,-75.2332982,chicken wings,"{'delivery': 'True', 'takeout': 'True', 'outdoor': 'False', 'parking': 'False'}",medium,2.0,Philadelphia,"646 S 55th St, West Phildelphia",9
Tony Express,40.004478,-75.152804,food trucks,"{'delivery': 'True', 'takeout': 'True', 'outdoor': 'False', 'parking': ""{'garage': True, 'street': True, 'validated': False, 'lot': False, 'valet': True}""}",medium,5.0,Philadelphia,3334 N Broad St,8
Panasian Buffet,40.0308845266,-75.1041150063,pan asian,"{'delivery': 'None', 'takeout': 'True', 'outdoor': 'False', 'parking': ""{'garage': False, 'street': False, 'validated': False, 'lot': True, 'valet': False}""}",medium,3.5,Philadelphia,833 Adams Ave,62
Lucky Goat Coffeehouse,39.9725217939,-75.1792898199,coffee & tea,"{'delivery': 'True', 'takeout': 'True', 'outdoor': 'True', 'parking': ""{'garage': False, 'street': True, 'validated': False, 'lot': False, 'valet': False}""}",low,4.5,Philadelphia,888 N 26th St,135
4 Seasons Grill Mexican Restaurant,40.0030161,-75.1239721,mexican,"{'delivery': 'True', 'takeout': 'True', 'outdoor': 'False', 'parking': 'False'}",medium,4.0,Philadelphia,"3503 B St, Ste 4B",12
Paris Baguette,40.0546357,-75.1261125,bakeries,"{'delivery': 'False', 'takeout': 'True', 'outdoor': 'False', 'parking': ""{'garage': False, 'street': False, 'validated': False, 'lot': True, 'valet': False}""}",low,4.0,Philadelphia,6773 N 5th St,32
Jin Jae,39.9522818,-75.1735853,specialty food,"{'delivery': 'False', 'takeout': 'False', 'outdoor': 'False', 'parking': ""{'garage': False, 'street': True, 'validated': False, 'lot': False, 'valet': False}""}",low,2.5,Philadelphia,28 S 20th St,9
Sam's Pizza,40.0310045,-75.0836118,pizza,"{'delivery': 'True', 'takeout': 'True', 'outdoor': 'False', 'parking': ""{'garage': False, 'street': False, 'validated': False, 'lot': False, 'valet': False}""}",medium,2.0,Philadelphia,5450 Rutland St,13
McDonald's,40.0323183,-75.106562376,fast food,"{'delivery': 'True', 'takeout': 'True', 'outdoor': 'False', 'parking': ""{'garage': False, 'street': False, 'validated': False, 'lot': False, 'valet': False}""}",low,1.0,Philadelphia,710 Adams Ave,22
Dunkin',40.0068644,-75.1230914,donuts,"{'delivery': 'True', 'takeout': 'True', 'outdoor': 'False', 'parking': 'False'}",low,1.0,Philadelphia,300 Erie Ave,6
Queen Sheba,39.9489954358,-75.2135489881,sports bars,"{'delivery': 'False', 'takeout': 'True', 'outdoor': 'True', 'parking': ""{'garage': False, 'street': True, 'validated': False, 'lot': False, 'valet': False}""}",low,4.0,Philadelphia,4511 Baltimore Ave,64
Ed's Pizza House,40.0474259,-75.1507643,pizza,"{'delivery': 'True', 'takeout': 'True', 'outdoor': 'False', 'parking': ""{'garage': False, 'street': False, 'validated': False, 'lot': False, 'valet': False}""}",low,1.5,Philadelphia,6047 Ogontz Ave,24
Ricci's Hoagies,39.9353601,-75.1615836,italian,"{'delivery': 'True', 'takeout': 'True', 'outdoor': 'True', 'parking': ""{'garage': False, 'street': True, 'validated': False, 'lot': False, 'valet': False}""}",low,4.0,Philadelphia,1165 S 11th St,67
Pina's Pizza,40.0694581,-75.2398454,italian,"{'delivery': 'True', 'takeout': 'True', 'outdoor': 'False', 'parking': ""{'garage': False, 'street': False, 'validated': False, 'lot': True, 'valet': False}""}",low,3.5,Philadelphia,8919 Ridge Ave,47
Oregon Steaks,39.91579,-75.1653879,cheesesteaks,"{'delivery': 'True', 'takeout': 'True', 'outdoor': 'True', 'parking': ""{'garage': False, 'street': True, 'validated': False, 'lot': False, 'valet': False}""}",low,3.5,Philadelphia,2654 S 10th St,184
The Rotisserie At the Porch,39.954877,-75.18207,beer gardens,"{'delivery': 'False', 'takeout': 'False', 'outdoor': 'False', 'parking': ""{'garage': False, 'street': False, 'validated': False, 'lot': False, 'valet': False}""}",high,2.0,Philadelphia,2955 Market St,9
SET NoLibs,39.9671493,-75.1404232,mexican,"{'delivery': 'None', 'takeout': 'None', 'outdoor': 'True', 'parking': ""{u'valet': False, u'garage': None, u'street': True, u'lot': False, u'validated': False}""}",medium,4.0,Philadelphia,"1030 N 2nd St, Unit 101",108
George's Sandwich Shop,39.9388315986,-75.1579846257,italian,"{'delivery': 'True', 'takeout': 'True', 'outdoor': 'True', 'parking': ""{'garage': False, 'street': True, 'validated': False, 'lot': False, 'valet': False}""}",low,4.0,Philadelphia,900 S 9th St,93
Fine Wine & Good Spirits - Premium Collection,39.969236,-75.138876,beer,"{'delivery': 'True', 'takeout': 'True', 'outdoor': 'False', 'parking': ""{'garage': True, 'street': True, 'validated': False, 'lot': True, 'valet': False}""}",medium,4.0,Philadelphia,180 W Girard Ave,36
Good Karma Cafe,39.9446092,-75.1578331,cafes,"{'delivery': 'True', 'takeout': 'True', 'outdoor': 'True', 'parking': ""{'garage': False, 'street': True, 'validated': False, 'lot': False, 'valet': False}""}",low,4.0,Philadelphia,928 Pine St,249
Oriental Kitchen,39.971725,-75.1657105,american (traditional),"{'delivery': 'True', 'takeout': 'True', 'outdoor': 'False', 'parking': 'False'}",medium,2.5,Philadelphia,919 N 18th St,8
MexiPhilly Food Cart,39.9510287,-75.1972745,restaurant,"{'delivery': 'False', 'takeout': 'True', 'outdoor': 'False', 'parking': ""{'garage': False, 'street': True, 'validated': False, 'lot': False, 'valet': False}""}",low,3.5,Philadelphia,37TH St And Spruce St,21
Athenian Restaurant,40.0259565956,-75.0442917475,american (new),"{'delivery': 'True', 'takeout': 'True', 'outdoor': 'False', 'parking': ""{'garage': False, 'street': True, 'validated': False, 'lot': False, 'valet': False}""}",low,4.0,Philadelphia,6824 Torresdale Ave,27
The Palace of Indian,39.9299499,-75.1629175,indian,"{'delivery': 'True', 'takeout': 'True', 'outdoor': 'True', 'parking': ""{'garage': False, 'street': False, 'validated': False, 'lot': False, 'valet': False}""}",medium,4.0,Philadelphia,1533 S 11th St,88
In & Out Pizza,40.0700275,-75.1575821,pizza,"{'delivery': 'True', 'takeout': 'True', 'outdoor': 'False', 'parking': 'False'}",medium,2.0,Philadelphia,7600 Ogontz Ave,36
Mac's Tavern,39.949794,-75.144739,american (new),"{'delivery': 'True', 'takeout': 'True', 'outdoor': 'True', 'parking': ""{'garage': False, 'street': True, 'validated': False, 'lot': False, 'valet': False}""}",medium,3.5,Philadelphia,226 Market St,446
Tiffin-Etc,39.9701516,-75.1488281,indian,"{'delivery': 'True', 'takeout': 'True', 'outdoor': 'False', 'parking': ""{'garage': False, 'street': True, 'validated': False, 'lot': False, 'valet': False}""}",medium,3.0,Philadelphia,712 W Girard Ave,21
Jamaican Jerk Hut,39.944275,-75.166787,caribbean,"{'delivery': 'True', 'takeout': 'True', 'outdoor': 'True', 'parking': ""{'garage': False, 'street': True, 'validated': False, 'lot': False, 'valet': False}""}",medium,2.5,Philadelphia,1436 South St,276
Moon Flower House,40.0295791831,-75.0583349168,juice bars & smoothies,"{'delivery': 'True', 'takeout': 'True', 'outdoor': 'False', 'parking': 'False'}",medium,4.5,Philadelphia,"6414 Frankford Ave, Unit 11",8
Holmesburg Bakery,40.0410115,-75.0284172,bakeries,"{'delivery': 'False', 'takeout': 'True', 'outdoor': 'False', 'parking': ""{'garage': False, 'street': True, 'validated': False, 'lot': False, 'valet': False}""}",low,4.0,Philadelphia,7935 Frankford Ave,79
Chez Yasmine,39.9510399,-75.1989093,street vendors,"{'delivery': 'False', 'takeout': 'True', 'outdoor': 'False', 'parking': ""{'garage': False, 'street': True, 'validated': False, 'lot': False, 'valet': False}""}",low,4.0,Philadelphia,3740 Spruce St,37
McDonald's,39.9307946183,-75.2276433154,fast food,"{'delivery': 'True', 'takeout': 'True', 'outdoor': 'False', 'parking': 'False'}",low,2.0,Philadelphia,5945 Woodland Ave,15
Halal Gyro King,39.95187,-75.159913,food trucks,"{'delivery': 'False', 'takeout': 'True', 'outdoor': 'False', 'parking': ""{'garage': False, 'street': True, 'validated': False, 'lot': False, 'valet': False}""}",low,4.5,Philadelphia,1 S 12th St,24
Cake Life Bake Shop,39.970468014,-75.1345396622,caterers,"{'delivery': 'False', 'takeout': 'True', 'outdoor': 'False', 'parking': ""{'garage': False, 'street': True, 'validated': False, 'lot': False, 'valet': False}""}",low,4.5,Philadelphia,1306 Frankford Ave,241
Maria's Ristorante on Summit,40.0567171,-75.2363521,italian,"{'delivery': 'True', 'takeout': 'True', 'outdoor': 'False', 'parking': ""{'garage': False, 'street': False, 'validated': False, 'lot': True, 'valet': False}""}",medium,3.5,Philadelphia,8100 Ridge Ave,98
Chuck E. Cheese,40.076239,-75.03146,pizza,"{'delivery': 'True', 'takeout': 'True', 'outdoor': 'False', 'parking': 'False'}",medium,2.5,Philadelphia,"9175 Roosevelt, Ste 2",12
Copabanana,39.9515586,-75.2032578,bars,"{'delivery': 'True', 'takeout': 'True', 'outdoor': 'True', 'parking': ""{'garage': False, 'street': True, 'validated': False, 'lot': False, 'valet': False}""}",medium,3.0,Philadelphia,4000 Spruce St,334
Rangoli: Vibrant Flavors of India,40.110566,-75.0238988,pakistani,"{'delivery': 'True', 'takeout': 'True', 'outdoor': 'False', 'parking': ""{'garage': False, 'street': False, 'validated': False, 'lot': True, 'valet': False}""}",medium,4.0,Philadelphia,10863 Bustleton Ave,89
Foodery,39.9448121788,-75.158305077,delis,"{'delivery': 'False', 'takeout': 'True', 'outdoor': 'False', 'parking': ""{'garage': False, 'street': True, 'validated': False, 'lot': False, 'valet': False}""}",medium,3.5,Philadelphia,324 S 10th St,113
Dagwood's Pub,40.0506387,-74.9997615712,pubs,"{'delivery': 'True', 'takeout': 'True', 'outdoor': 'True', 'parking': ""{'garage': False, 'street': True, 'validated': False, 'lot': False, 'valet': False}""}",medium,4.0,Philadelphia,4625 Linden Ave,123
Jimmies Cupcake,40.0131418,-75.2304038,food trucks,"{'delivery': 'False', 'takeout': 'False', 'outdoor': 'False', 'parking': ""{'garage': False, 'street': False, 'validated': False, 'lot': False, 'valet': False}""}",low,3.5,Philadelphia,,17
Alena’s Cafe,40.0513741,-75.1849412,cafes,"{'delivery': 'True', 'takeout': 'True', 'outdoor': 'False', 'parking': ""{'garage': False, 'street': False, 'validated': False, 'lot': False, 'valet': False}""}",medium,5.0,Philadelphia,6669 Germantown Ave,29
Kato's Cajun,39.9515705,-75.1680038,cajun/creole,"{'delivery': 'False', 'takeout': 'True', 'outdoor': 'False', 'parking': ""{'garage': False, 'street': False, 'validated': False, 'lot': False, 'valet': False}""}",low,2.5,Philadelphia,1625 Chestnut St,18
Zorba's Taverna,39.9671642,-75.1748969,greek,"{'delivery': 'True', 'takeout': 'True', 'outdoor': 'None', 'parking': ""{'garage': False, 'street': True, 'validated': False, 'lot': False, 'valet': False}""}",medium,4.5,Philadelphia,2230 Fairmount Ave,510
Heng Fa Food Market,39.954417,-75.156357,ethnic food,"{'delivery': 'False', 'takeout': 'False', 'outdoor': 'False', 'parking': ""{'garage': True, 'street': False, 'validated': False, 'lot': False, 'valet': False}""}",low,4.0,Philadelphia,130 N 10th St,28
Jasmine Rice - Rittenhouse,39.9470839462,-75.1682054067,soup,"{'delivery': 'True', 'takeout': 'True', 'outdoor': 'True', 'parking': ""{'garage': True, 'street': True, 'validated': False, 'lot': False, 'valet': False}""}",medium,3.5,Philadelphia,306 S 16th St,307
Xochitl,39.9428742,-75.1456449,lounges,"{'delivery': 'True', 'takeout': 'True', 'outdoor': 'True', 'parking': ""{'garage': True, 'street': True, 'validated': False, 'lot': False, 'valet': False}""}",high,3.5,Philadelphia,408 S 2nd St,453
Al Sham Restaurant - Philadelphia,40.0300231,-75.1803247,halal,"{'delivery': 'True', 'takeout': 'True', 'outdoor': 'False', 'parking': ""{'garage': False, 'street': True, 'validated': False, 'lot': False, 'valet': False}""}",medium,3.5,Philadelphia,306 W Chelten Ave,37
Mr Wish,40.0353731864,-75.0997766417,juice bars & smoothies,"{'delivery': 'True', 'takeout': 'True', 'outdoor': 'False', 'parking': ""{'garage': False, 'street': False, 'validated': False, 'lot': False, 'valet': False}""}",medium,2.5,Philadelphia,"5520 Whitaker Ave, Ste 10",11
Cactus Restaurant & Bar,40.0245627,-75.2209958,mexican,"{'delivery': 'None', 'takeout': 'True', 'outdoor': 'True', 'parking': ""{'garage': False, 'street': True, 'validated': False, 'lot': False, 'valet': False}""}",medium,3.0,Philadelphia,4243 Main St,312
Mom Mom's Kitchen and Polish Food Cart,39.9439859,-75.167449,polish,"{'delivery': 'True', 'takeout': 'True', 'outdoor': 'True', 'parking': ""{'garage': False, 'street': True, 'validated': False, 'lot': False, 'valet': False}""}",low,5.0,Philadelphia,1505 South St,91
Hibachi 2 Go,39.9242167,-75.1703845,sushi bars,"{'delivery': 'True', 'takeout': 'True', 'outdoor': 'False', 'parking': ""{'garage': False, 'street': True, 'validated': False, 'lot': False, 'valet': False}""}",low,3.5,Philadelphia,1414 Synder Ave,105
Dunkin' Donuts,40.1346700008,-75.0082556575,coffee & tea,"{'delivery': 'True', 'takeout': 'True', 'outdoor': 'True', 'parking': ""{'garage': False, 'street': False, 'validated': False, 'lot': False, 'valet': False}""}",low,2.5,Philadelphia,14254 Bustleton Ave,10
Williams-Sonoma,39.9491188,-75.1648441,specialty food,"{'delivery': 'True', 'takeout': 'False', 'outdoor': 'False', 'parking': ""{'garage': False, 'street': True, 'validated': False, 'lot': False, 'valet': False}""}",high,3.0,Philadelphia,"200 S Broad St, Ste M6",33
Gaby’s Station Pizza,39.9282246,-75.1568413,mexican,"{'delivery': 'None', 'takeout': 'None', 'outdoor': 'False', 'parking': 'False'}",medium,4.0,Philadelphia,1629 S 7th St,11
Day Break Eggs,39.9387267,-75.1923844,breakfast & brunch,"{'delivery': 'True', 'takeout': 'True', 'outdoor': 'False', 'parking': ""{'garage': False, 'street': False, 'validated': False, 'lot': True, 'valet': False}""}",medium,4.5,Philadelphia,2900 Grays Ferry Ave,22
Stuff'd Buns,39.9412882,-75.2187346,event planning & services,"{'delivery': 'False', 'takeout': 'True', 'outdoor': 'False', 'parking': 'False'}",medium,5.0,Philadelphia,,13
The Frosted Fox Cake Shop,40.0487762,-75.1834594,bakeries,"{'delivery': 'False', 'takeout': 'True', 'outdoor': 'False', 'parking': ""{'garage': False, 'street': True, 'validated': False, 'lot': False, 'valet': False}""}",low,5.0,Philadelphia,6511 Germantown Ave,104
Bitar's,39.9346516,-75.1602726,middle eastern,"{'delivery': 'True', 'takeout': 'True', 'outdoor': 'True', 'parking': ""{'garage': False, 'street': True, 'validated': False, 'lot': False, 'valet': False}""}",low,4.0,Philadelphia,947 Federal St,154
Cily Chicken Rice,39.955545,-75.1554729,hainan,"{'delivery': 'True', 'takeout': 'True', 'outdoor': 'False', 'parking': ""{'garage': False, 'street': False, 'validated': False, 'lot': False, 'valet': False}""}",medium,4.5,Philadelphia,933 Race St,68
Franklin's,40.0110062,-75.189062,burgers,"{'delivery': 'False', 'takeout': 'True', 'outdoor': 'True', 'parking': ""{'garage': False, 'street': True, 'validated': False, 'lot': True, 'valet': False}""}",medium,3.5,Philadelphia,3521 Bowman St,129
Tacodelphia,39.9448608451,-75.1652079004,new mexican cuisine,"{'delivery': 'True', 'takeout': 'True', 'outdoor': 'False', 'parking': ""{'garage': False, 'street': True, 'validated': False, 'lot': True, 'valet': False}""}",low,4.0,Philadelphia,427 S Broad St,240
El Limon,40.0027825,-75.2222705,mexican,"{'delivery': 'True', 'takeout': 'True', 'outdoor': 'False', 'parking': ""{u'valet': False, u'garage': False, u'street': False, u'lot': True, u'validated': False}""}",medium,4.0,Philadelphia,4514 City Ave,12
Franny Lou's Porch,39.9835674,-75.1293858,coffee & tea,"{'delivery': 'True', 'takeout': 'True', 'outdoor': 'True', 'parking': ""{'garage': False, 'street': True, 'validated': False, 'lot': False, 'valet': False}""}",low,4.5,Philadelphia,2400 Coral St,68
Keshet Kitchen,39.9404826,-75.1507871,desserts,"{'delivery': 'True', 'takeout': 'True', 'outdoor': 'False', 'parking': 'False'}",medium,4.5,Philadelphia,705 E Passyunk Ave,11
KASUMI SUSHI,39.9102554,-75.1869588,japanese,"{'delivery': 'True', 'takeout': 'True', 'outdoor': 'False', 'parking': ""{'garage': False, 'street': False, 'validated': False, 'lot': True, 'valet': False}""}",medium,4.0,Philadelphia,"2201 Penrose Ave, Ste3",55
Free Tours By Foot,39.9509398664,-75.1458675238,hotels & travel,{},medium,5.0,Philadelphia,"20 N 3rd St, Ste 201",184
Zaika,40.0798480557,-75.025079772,halal,"{'delivery': 'None', 'takeout': 'True', 'outdoor': 'False', 'parking': ""{'garage': False, 'street': False, 'validated': False, 'lot': True, 'valet': False}""}",medium,4.0,Philadelphia,2481 Grant Ave,181
Dunkin',39.9385148,-75.1981973,donuts,"{'delivery': 'True', 'takeout': 'True', 'outdoor': 'False', 'parking': ""{'garage': False, 'street': False, 'validated': False, 'lot': False, 'valet': False}""}",low,2.0,Philadelphia,3313 Wharton St,16
Auntie Anne's,39.9519182279,-75.1678565093,pretzels,"{'delivery': 'True', 'takeout': 'True', 'outdoor': 'False', 'parking': ""{'garage': False, 'street': False, 'validated': False, 'lot': False, 'valet': False}""}",low,2.5,Philadelphia,1625 Chestnut St,6
HipCityVeg - University City,39.953549,-75.202991,sandwiches,"{'delivery': 'True', 'takeout': 'True', 'outdoor': 'False', 'parking': ""{'garage': False, 'street': True, 'validated': False, 'lot': False, 'valet': False}""}",medium,4.0,Philadelphia,214 S 40th St,314
Philadelphia Cricket Club,40.0650212,-75.2065334,venues & event spaces,"{'delivery': 'False', 'takeout': 'False', 'outdoor': 'False', 'parking': ""{'garage': False, 'street': False, 'validated': False, 'lot': False, 'valet': False}""}",medium,4.0,Philadelphia,415 W Willow Grove Ave,13
Goldie,39.953074,-75.192585,mediterranean,"{'delivery': 'True', 'takeout': 'True', 'outdoor': 'False', 'parking': ""{'garage': True, 'street': True, 'validated': None, 'lot': False, 'valet': False}""}",medium,4.5,Philadelphia,3401 Walnut St,46
Buena Onda,39.9609147337,-75.1708267829,tacos,"{'delivery': 'True', 'takeout': 'True', 'outdoor': 'True', 'parking': ""{'garage': False, 'street': True, 'validated': False, 'lot': True, 'valet': False}""}",medium,4.0,Philadelphia,1901 Callowhill St,552
Vientiane Bistro,39.9881000819,-75.1282148436,vegan,"{'delivery': 'True', 'takeout': 'True', 'outdoor': 'False', 'parking': ""{'garage': False, 'street': True, 'validated': False, 'lot': False, 'valet': False}""}",medium,4.5,Philadelphia,2537 Kensington Ave,67
Izzy's 33,39.9280043249,-75.160044618,mexican,"{'delivery': 'True', 'takeout': 'True', 'outdoor': 'True', 'parking': 'False'}",medium,4.5,Philadelphia,1703 S 9th St,24
John's Water Ice,39.9382846,-75.1548943,local flavor,"{'delivery': 'False', 'takeout': 'True', 'outdoor': 'False', 'parking': ""{'garage': False, 'street': True, 'validated': False, 'lot': False, 'valet': False}""}",low,4.5,Philadelphia,701 Christian St,274
Wawa,40.0607947,-75.1920424,convenience stores,"{'delivery': 'True', 'takeout': 'True', 'outdoor': 'False', 'parking': ""{'garage': False, 'street': False, 'validated': False, 'lot': True, 'valet': False}""}",low,2.5,Philadelphia,7236-40 Germantown Ave,28
Joe's Steaks + Soda Shop,40.0185131,-75.0581372,sandwiches,"{'delivery': 'True', 'takeout': 'True', 'outdoor': 'False', 'parking': ""{'garage': False, 'street': True, 'validated': False, 'lot': False, 'valet': False}""}",low,4.5,Philadelphia,6030 Torresdale Ave,380
Little Caesars Pizza,40.0627091,-75.1520337,pizza,"{'delivery': 'True', 'takeout': 'True', 'outdoor': 'False', 'parking': 'False'}",low,3.0,Philadelphia,7153 Ogontz Ave,5
Yellow Bicycle Canteen,39.9472244065,-75.1572515,caterers,"{'delivery': 'True', 'takeout': 'True', 'outdoor': 'True', 'parking': 'False'}",medium,5.0,Philadelphia,930 Locust St,13
Suraya,39.9736865005,-75.1339557767,active life,"{'delivery': 'None', 'takeout': 'None', 'outdoor': 'None', 'parking': ""{'garage': False, 'street': True, 'validated': False, 'lot': True, 'valet': False}""}",high,4.5,Philadelphia,1528 Frankford Ave,1121
Pearl of East,39.9186353,-75.1824221,restaurant,"{'delivery': 'True', 'takeout': 'True', 'outdoor': 'False', 'parking': ""{'garage': False, 'street': False, 'validated': False, 'lot': False, 'valet': False}""}",medium,3.0,Philadelphia,2049 W Oregon Ave,17
Full & Happy,39.967102,-75.162135,specialty schools,"{'delivery': 'False', 'takeout': 'False', 'outdoor': 'False', 'parking': 'False'}",medium,5.0,Philadelphia,N 15th St Fairmount Ave & Spring Garden St,8
Lloyd Whiskey Bar,39.9713575331,-75.127588677,wine bars,"{'delivery': 'True', 'takeout': 'True', 'outdoor': 'True', 'parking': ""{'garage': False, 'street': True, 'validated': False, 'lot': False, 'valet': False}""}",medium,4.0,Philadelphia,529 E Girard Ave,210
Smiley's Cafe,40.024774,-75.2214354,juice bars & smoothies,"{'delivery': 'True', 'takeout': 'True', 'outdoor': 'True', 'parking': ""{'garage': False, 'street': True, 'validated': False, 'lot': False, 'valet': False}""}",low,4.5,Philadelphia,4251 Main St,423
Park Manor Deli,40.0303618,-75.1799143,delis,"{'delivery': 'True', 'takeout': 'True', 'outdoor': 'False', 'parking': 'None'}",low,2.5,Philadelphia,240 W Chelten Ave,16
iPho Vietnamese Restaurant,39.9674553,-75.169558,vietnamese,"{'delivery': 'True', 'takeout': 'True', 'outdoor': 'False', 'parking': ""{'garage': False, 'street': None, 'validated': None, 'lot': False, 'valet': False}""}",medium,3.5,Philadelphia,1921 Fairmount Ave,151
McDonald's,40.0503776775,-75.0094825029,coffee & tea,"{'delivery': 'True', 'takeout': 'True', 'outdoor': 'True', 'parking': ""{'garage': False, 'street': False, 'validated': False, 'lot': False, 'valet': False}""}",low,1.5,Philadelphia,8901 Franford Ave,15
Happy Joy Family Restaurant,39.9710521,-75.1582199,breakfast & brunch,"{'delivery': 'False', 'takeout': 'True', 'outdoor': 'False', 'parking': ""{'garage': False, 'street': True, 'validated': False, 'lot': False, 'valet': False}""}",low,4.5,Philadelphia,1328 W Girard Ave,21
Tasties,39.9717941,-75.2261989,imported food,"{'delivery': 'True', 'takeout': 'True', 'outdoor': 'True', 'parking': ""{'garage': False, 'street': True, 'validated': False, 'lot': False, 'valet': False}""}",medium,2.5,Philadelphia,1212 N 52nd St,106
Fine Wine & Good Spirits,40.044217875,-75.2323440575,bars,"{'delivery': 'False', 'takeout': 'False', 'outdoor': 'False', 'parking': ""{'garage': False, 'street': None, 'validated': False, 'lot': True, 'valet': False}""}",medium,3.0,Philadelphia,"Ivy Ridge Shopping Ctr, 7146 Ridge Ave",15
The Sweet Life Bakeshop,39.942203,-75.155223,cupcakes,"{'delivery': 'True', 'takeout': 'None', 'outdoor': 'False', 'parking': ""{'garage': False, 'street': True, 'validated': False, 'lot': False, 'valet': False}""}",medium,5.0,Philadelphia,740 South St,316
The Original Hot Dog Factory,39.9554278,-75.1643767,hot dogs,"{'delivery': 'True', 'takeout': 'True', 'outdoor': 'False', 'parking': 'False'}",medium,3.5,Philadelphia,125 N 15th St,30
Bell Beverage,39.9117548,-75.1499777,beer,"{'delivery': 'False', 'takeout': 'True', 'outdoor': 'False', 'parking': ""{'garage': False, 'street': False, 'validated': False, 'lot': True, 'valet': False}""}",low,4.5,Philadelphia,2809 S Front St,38
Misconduct Tavern,39.954395,-75.169849,bars,"{'delivery': 'True', 'takeout': 'True', 'outdoor': 'True', 'parking': ""{'garage': True, 'street': None, 'validated': None, 'lot': False, 'valet': False}""}",medium,3.0,Philadelphia,1801 John F Kennedy Blvd,131
Mediterra Grill,39.9887627,-75.249793,american (new),"{'delivery': 'True', 'takeout': 'True', 'outdoor': 'False', 'parking': ""{'garage': False, 'street': True, 'validated': False, 'lot': False, 'valet': False}""}",low,3.5,Philadelphia,2119 N 63rd St,36
So Korean Grill,40.0453172867,-75.1176526374,korean,"{'delivery': 'False', 'takeout': 'True', 'outdoor': 'False', 'parking': ""{'garage': False, 'street': False, 'validated': False, 'lot': True, 'valet': False}""}",medium,4.5,Philadelphia,"6201 N Front St, Ste 120",77
Oteri's Italian Bakery | North 5th St,40.0263283,-75.1324873,shopping,"{'delivery': 'True', 'takeout': 'True', 'outdoor': 'False', 'parking': ""{'garage': False, 'street': True, 'validated': False, 'lot': False, 'valet': False}""}",medium,2.5,Philadelphia,4919 N 5th St,55
Paris Baguette,39.9551256,-75.1998158,patisserie/cake shop,"{'delivery': 'True', 'takeout': 'True', 'outdoor': 'True', 'parking': 'False'}",medium,4.5,Philadelphia,"3816 Chestnut St, Unit  9",15
Prohibition Taproom,39.9613018,-75.1593118,american (traditional),"{'delivery': 'True', 'takeout': 'True', 'outdoor': 'True', 'parking': ""{'garage': False, 'street': True, 'validated': False, 'lot': False, 'valet': False}""}",medium,4.0,Philadelphia,501 N 13th St,618
Checkers,40.0752499144,-75.0323500112,burgers,"{'delivery': 'True', 'takeout': 'True', 'outdoor': 'True', 'parking': ""{'garage': False, 'street': False, 'validated': False, 'lot': False, 'valet': False}""}",low,1.5,Philadelphia,9173 Roosevelt Boulevard,14
P & S Ravioli,39.928473,-75.1619827,do-it-yourself food,"{'delivery': 'False', 'takeout': 'True', 'outdoor': 'False', 'parking': ""{'garage': False, 'street': False, 'validated': False, 'lot': False, 'valet': False}""}",medium,4.5,Philadelphia,1640 S 10th St,6
Cafe Square One,39.9489068,-75.1460802,coffee & tea,"{'delivery': 'True', 'takeout': 'True', 'outdoor': 'None', 'parking': ""{'garage': False, 'street': True, 'validated': False, 'lot': False, 'valet': False}""}",low,4.5,Philadelphia,50 S 3rd St,245
Bai Wei,39.9554771,-75.1572987,chinese,"{'delivery': 'True', 'takeout': 'True', 'outdoor': 'True', 'parking': ""{'garage': True, 'street': True, 'validated': False, 'lot': False, 'valet': False}""}",medium,4.0,Philadelphia,1038 Race St,231
Earl of Sandwich,39.8768139466,-75.2398777179,sandwiches,"{'delivery': 'False', 'takeout': 'True', 'outdoor': 'False', 'parking': ""{'garage': False, 'street': False, 'validated': False, 'lot': None, 'valet': False}""}",low,3.5,Philadelphia,"8500 Essington Ave, Terminal D, Philadelphia International Airport",81
Termini Bros Bakery,39.9530477103,-75.1590135265,bakeries,"{'delivery': 'True', 'takeout': 'True', 'outdoor': 'False', 'parking': ""{'garage': True, 'street': True, 'validated': False, 'lot': False, 'valet': False}""}",medium,4.0,Philadelphia,12th St & Filbert St,263
Capriotti Bros,40.0354067,-75.0439681,fruits & veggies,"{'delivery': 'False', 'takeout': 'True', 'outdoor': 'False', 'parking': ""{'garage': False, 'street': True, 'validated': False, 'lot': False, 'valet': False}""}",low,5.0,Philadelphia,7132 Frankford Ave,12
Jeisy Grilled Chicken,40.036142,-75.174734,barbeque,"{'delivery': 'None', 'takeout': 'None', 'outdoor': 'False', 'parking': 'False'}",medium,4.0,Philadelphia,5701 Germantown Ave,10
Green Basil Thai Kitchen,39.9413000709,-75.1472321594,thai,"{'delivery': 'True', 'takeout': 'True', 'outdoor': 'False', 'parking': ""{'garage': False, 'street': True, 'validated': False, 'lot': False, 'valet': False}""}",medium,4.0,Philadelphia,240 South St,74
Asadero los tios,40.0568875,-75.0154664,dominican,"{'delivery': 'True', 'takeout': 'True', 'outdoor': 'True', 'parking': 'False'}",medium,4.5,Philadelphia,3087 Holme Ave,15
Fresh Gulf Seafood,39.920544,-75.188066,seafood,"{'delivery': 'True', 'takeout': 'True', 'outdoor': 'False', 'parking': ""{u'valet': False, u'garage': False, u'street': True, u'lot': None, u'validated': False}""}",medium,4.0,Philadelphia,2528 S 24th St,32
7-Eleven,39.9820199478,-75.1560544968,coffee & tea,"{'delivery': 'True', 'takeout': 'True', 'outdoor': 'False', 'parking': 'False'}",low,4.0,Philadelphia,1912 Liacouras Walk,5
Zio Pizza Palace & Grill,39.955065,-75.1541846,fast food,"{'delivery': 'True', 'takeout': 'True', 'outdoor': 'False', 'parking': ""{'garage': False, 'street': True, 'validated': False, 'lot': False, 'valet': False}""}",low,4.0,Philadelphia,157 N 9th St,43
Authentic LanZhou Handpulled Noodles,39.9536866,-75.1561742,noodles,"{'delivery': 'False', 'takeout': 'True', 'outdoor': 'False', 'parking': ""{'garage': False, 'street': False, 'validated': False, 'lot': False, 'valet': False}""}",medium,3.5,Philadelphia,935 Arch St,32
Ralphs Italian Restaurant,39.9400584,-75.1578655,italian,"{'delivery': 'True', 'takeout': 'True', 'outdoor': 'False', 'parking': ""{'garage': False, 'street': True, 'validated': False, 'lot': False, 'valet': True}""}",medium,3.5,Philadelphia,760 S 9th St,653
Cucina Zapata,39.9542886,-75.1855377,thai,"{'delivery': 'False', 'takeout': 'True', 'outdoor': 'False', 'parking': ""{'garage': False, 'street': True, 'validated': False, 'lot': False, 'valet': False}""}",low,4.5,Philadelphia,S 31st & Ludlow St,248
ACME Markets,40.0602797226,-75.0453370691,fashion,"{'delivery': 'True', 'takeout': 'True', 'outdoor': 'False', 'parking': ""{'garage': False, 'street': False, 'validated': False, 'lot': True, 'valet': False}""}",medium,2.5,Philadelphia,8200 Roosevelt Blvd,10
Valerio Coffee Roasters,40.0252890632,-75.2227872271,coffee & tea,"{'delivery': 'False', 'takeout': 'True', 'outdoor': 'True', 'parking': ""{'garage': False, 'street': True, 'validated': False, 'lot': False, 'valet': False}""}",low,4.0,Philadelphia,4373 Main St,34
In the Valley,39.929453,-75.1636243,wine bars,"{'delivery': 'True', 'takeout': 'True', 'outdoor': 'False', 'parking': ""{'garage': False, 'street': True, 'validated': False, 'lot': False, 'valet': False}""}",medium,4.0,Philadelphia,1615 E Passyunk Ave,73
El Guero  Mexican Food Truck,39.9797909,-75.1546781,mexican,"{'delivery': 'True', 'takeout': 'True', 'outdoor': 'False', 'parking': 'False'}",medium,5.0,Philadelphia,1256 W Montgomery Ave,7
Village Burger,39.9424508214,-75.1420305669,burgers,"{'delivery': 'False', 'takeout': 'False', 'outdoor': 'False', 'parking': ""{'garage': False, 'street': False, 'validated': False, 'lot': False, 'valet': False}""}",medium,1.5,Philadelphia,401 S Columbus Blvd,16
Shing Kee,39.9346322655,-75.1551747608,noodles,"{'delivery': 'True', 'takeout': 'True', 'outdoor': 'None', 'parking': ""{'garage': False, 'street': False, 'validated': False, 'lot': True, 'valet': False}""}",medium,4.0,Philadelphia,"600 Washington Ave, Ste 18 A",84
DK Sushi,39.9531984523,-75.1928739332,sushi bars,"{'delivery': 'False', 'takeout': 'True', 'outdoor': 'None', 'parking': 'None'}",medium,3.5,Philadelphia,3401 Walnut St,30
The Post,39.9524469799,-75.1836892962,bars,"{'delivery': 'True', 'takeout': 'True', 'outdoor': 'True', 'parking': ""{'garage': True, 'street': True, 'validated': False, 'lot': False, 'valet': False}""}",medium,4.0,Philadelphia,129 S 30th St,46
Fortune Chinese Restaurant,39.9444060526,-75.1728806172,chinese,"{'delivery': 'True', 'takeout': 'True', 'outdoor': 'False', 'parking': ""{'garage': False, 'street': True, 'validated': False, 'lot': False, 'valet': False}""}",low,3.5,Philadelphia,1828 S St,87
Uptown Grill Breakfast,39.9609427,-75.2412374,american (new),"{'delivery': 'False', 'takeout': 'True', 'outdoor': 'False', 'parking': ""{'garage': False, 'street': False, 'validated': False, 'lot': False, 'valet': False}""}",low,4.0,Philadelphia,38 S 60th St,10
New Napoli Famous Pizza,40.052735,-75.0804037,pizza,"{'delivery': 'True', 'takeout': 'True', 'outdoor': 'False', 'parking': 'False'}",medium,2.0,Philadelphia,911 Tyson Ave,5
Edible Arrangements,39.9495429,-75.1605067,gift shops,"{'delivery': 'False', 'takeout': 'False', 'outdoor': 'False', 'parking': ""{'garage': False, 'street': True, 'validated': False, 'lot': False, 'valet': False}""}",high,2.0,Philadelphia,120 S 12th St,33
Cold Stone Creamery,39.9781891509,-75.1193685896,ice cream & frozen yogurt,"{'delivery': 'True', 'takeout': 'True', 'outdoor': 'False', 'parking': ""{'garage': False, 'street': False, 'validated': False, 'lot': True, 'valet': False}""}",medium,3.5,Philadelphia,2530 Aramingo Ave,24
Cappuccio's Meats,39.9370969,-75.1580723,meat shops,"{'delivery': 'True', 'takeout': 'True', 'outdoor': 'False', 'parking': ""{'garage': False, 'street': True, 'validated': False, 'lot': False, 'valet': False}""}",medium,4.0,Philadelphia,1019 S 9th St,45
JD's Soul Food Kitchen,39.9641219,-75.2043607,chicken wings,"{'delivery': 'None', 'takeout': 'None', 'outdoor': 'False', 'parking': 'False'}",medium,3.0,Philadelphia,4056 Lancaster Ave,19
Non Stop Pizza & Grille,40.022248,-75.0472798,pizza,"{'delivery': 'True', 'takeout': 'True', 'outdoor': 'False', 'parking': ""{'garage': False, 'street': False, 'validated': False, 'lot': False, 'valet': False}""}",low,3.5,Philadelphia,6601 Hegerman St,13
Frank's Spaghetti House,40.056184,-75.061858,italian,"{'delivery': 'False', 'takeout': 'True', 'outdoor': 'False', 'parking': ""{'garage': False, 'street': True, 'validated': False, 'lot': True, 'valet': False}""}",medium,3.5,Philadelphia,7602 Castor Ave,43
Allegro Pizza,39.9514453,-75.2029159,sandwiches,"{'delivery': 'True', 'takeout': 'True', 'outdoor': 'True', 'parking': ""{'garage': False, 'street': True, 'validated': False, 'lot': False, 'valet': False}""}",low,3.0,Philadelphia,3942 Spruce St,221
Solly Pizza,40.0618594,-75.0520111,pizza,"{'delivery': 'True', 'takeout': 'True', 'outdoor': 'False', 'parking': ""{'garage': False, 'street': False, 'validated': False, 'lot': False, 'valet': False}""}",low,4.0,Philadelphia,8108 Bustleton Ave,40
JetBlue,39.876019,-75.242969,airports,{},medium,3.5,Philadelphia,8500 Essington Ave,19
Applebee's Grill + Bar,39.993173,-75.092621,bars,"{'delivery': 'True', 'takeout': 'True', 'outdoor': 'False', 'parking': ""{'garage': False, 'street': False, 'validated': False, 'lot': True, 'valet': False}""}",medium,2.5,Philadelphia,2535-37 Castor Ave,55
Fabio's Chicken Restaurant Takeout,40.0232879,-75.1237642,latin american,"{'delivery': 'True', 'takeout': 'True', 'outdoor': 'False', 'parking': ""{'garage': False, 'street': True, 'validated': False, 'lot': False, 'valet': False}""}",low,4.5,Philadelphia,4805 N Front St,14
Little Kitchen,40.0000840441,-75.2284179916,thai,"{'delivery': 'True', 'takeout': 'True', 'outdoor': 'False', 'parking': ""{'garage': False, 'street': True, 'validated': False, 'lot': True, 'valet': False}""}",medium,2.5,Philadelphia,5000 City Line Ave,50
Parada Maimon,39.9590025431,-75.1582302558,latin american,"{'delivery': 'True', 'takeout': 'True', 'outdoor': 'True', 'parking': ""{'garage': False, 'street': True, 'validated': False, 'lot': True, 'valet': False}""}",low,4.5,Philadelphia,345 N 12th St,202
DoDo Bakery,39.9163107,-75.1659042976,coffee & tea,"{'delivery': 'True', 'takeout': 'True', 'outdoor': 'False', 'parking': ""{u'valet': False, u'garage': False, u'street': True, u'lot': False, u'validated': False}""}",low,4.5,Philadelphia,2653 S 11th St,12
ACME Markets,40.071813194,-75.1938728294,grocery,"{'delivery': 'True', 'takeout': 'True', 'outdoor': 'False', 'parking': ""{'garage': False, 'street': False, 'validated': False, 'lot': True, 'valet': False}""}",high,1.5,Philadelphia,7700 Crittenden St,14
Goree,40.0334671,-75.1159524,imported food,"{'delivery': 'True', 'takeout': 'None', 'outdoor': 'True', 'parking': ""{'garage': False, 'street': False, 'validated': False, 'lot': False, 'valet': False}""}",medium,3.5,Philadelphia,5514 Rising Sun Ave,19
Trattoria Carina,39.9488052,-75.1779537,american (traditional),"{'delivery': 'True', 'takeout': 'True', 'outdoor': 'True', 'parking': ""{'garage': False, 'street': True, 'validated': False, 'lot': False, 'valet': False}""}",medium,4.5,Philadelphia,2201 Spruce St,213
Al's Italiano Pizzeria & Ristorante,40.0605711,-75.0448466,delis,"{'delivery': 'True', 'takeout': 'True', 'outdoor': 'False', 'parking': ""{'garage': False, 'street': False, 'validated': False, 'lot': False, 'valet': False}""}",low,3.5,Philadelphia,8202 Roosevelt Blvd,23
ABV% Beverage,39.985543,-75.0957743,beer,"{'delivery': 'False', 'takeout': 'True', 'outdoor': 'False', 'parking': ""{'garage': False, 'street': False, 'validated': False, 'lot': False, 'valet': False}""}",low,5.0,Philadelphia,3421 Richmond St,5
Weavers Way Co-Op,40.0465949,-75.1960823,pets,"{'delivery': 'True', 'takeout': 'True', 'outdoor': 'False', 'parking': ""{'garage': False, 'street': True, 'validated': False, 'lot': False, 'valet': False}""}",medium,4.5,Philadelphia,559 Carpenter Ln,54
Lee's Breakfast,40.0014002,-75.153227,breakfast & brunch,"{'delivery': 'True', 'takeout': 'True', 'outdoor': 'False', 'parking': 'False'}",medium,4.0,Philadelphia,3152 N Broad St,10
Coco's Cookies & Creamery,39.959605,-75.1950971,ice cream & frozen yogurt,"{'delivery': 'True', 'takeout': 'True', 'outdoor': 'False', 'parking': 'False'}",medium,4.5,Philadelphia,3632 Powelton Ave,13
Boricua Restaurant,39.968903,-75.141464,caribbean,"{'delivery': 'True', 'takeout': 'True', 'outdoor': 'False', 'parking': ""{'garage': False, 'street': True, 'validated': False, 'lot': False, 'valet': False}""}",medium,5.0,Philadelphia,1149 N 3rd St,31
Bonks Bar,39.9863915,-75.0943523,seafood,"{'delivery': 'None', 'takeout': 'True', 'outdoor': 'False', 'parking': ""{'garage': False, 'street': True, 'validated': False, 'lot': False, 'valet': False}""}",medium,4.0,Philadelphia,3467 Richmond St,35
Master Wok,39.982461,-75.156031,chinese,"{'delivery': 'False', 'takeout': 'True', 'outdoor': 'True', 'parking': 'False'}",low,3.5,Philadelphia,1934 Liacouras Walk,9
Tandoori Of India,39.922337,-75.164854,indian,"{'delivery': 'True', 'takeout': 'True', 'outdoor': 'False', 'parking': ""{'garage': False, 'street': True, 'validated': False, 'lot': False, 'valet': False}""}",medium,4.0,Philadelphia,1100 Jackson St,71
Jeni's Splendid Ice Creams,39.9708619,-75.134813,desserts,"{'delivery': 'False', 'takeout': 'False', 'outdoor': 'False', 'parking': ""{u'valet': False, u'garage': None, u'street': True, u'lot': None, u'validated': None}""}",medium,4.0,Philadelphia,"1322 Frankford Ave, Unit  101",16
Ace of Steaks,39.9126407143,-75.1728923991,cheesesteaks,"{'delivery': 'True', 'takeout': 'True', 'outdoor': 'True', 'parking': 'False'}",medium,4.5,Philadelphia,3020 S Broad St,31
Sorrento's Pizza,40.038781,-75.149469,pizza,"{'delivery': 'True', 'takeout': 'True', 'outdoor': 'False', 'parking': ""{'garage': False, 'street': True, 'validated': False, 'lot': False, 'valet': False}""}",medium,2.5,Philadelphia,1624 W Olney Ave,39
La Colombe Coffee,39.9506099,-75.172368,coffee & tea,"{'delivery': 'True', 'takeout': 'True', 'outdoor': 'False', 'parking': ""{'garage': False, 'street': True, 'validated': False, 'lot': False, 'valet': False}""}",low,4.0,Philadelphia,130 S 19th St,614
Red Owl Tavern,39.9492805,-75.1489288,breakfast & brunch,"{'delivery': 'True', 'takeout': 'True', 'outdoor': 'False', 'parking': ""{'garage': False, 'street': True, 'validated': True, 'lot': False, 'valet': True}""}",medium,3.5,Philadelphia,433 Chestnut St,618
Arbys Roast Beef,39.9788169932,-75.1191148148,sandwiches,"{'delivery': 'True', 'takeout': 'True', 'outdoor': 'False', 'parking': ""{'garage': False, 'street': False, 'validated': False, 'lot': True, 'valet': False}""}",low,2.5,Philadelphia,2560 Aramingo Ave,19
Mike's Hot Dog Cart,39.9223806,-75.1869289,food stands,"{'delivery': 'False', 'takeout': 'True', 'outdoor': 'False', 'parking': ""{'garage': False, 'street': False, 'validated': False, 'lot': True, 'valet': False}""}",low,5.0,Philadelphia,24th & Passyunk Ave,22
Claudio's Specialty Foods,39.9381953,-75.1582206,cheese shops,"{'delivery': 'True', 'takeout': 'True', 'outdoor': 'False', 'parking': ""{'garage': False, 'street': True, 'validated': False, 'lot': False, 'valet': False}""}",medium,4.5,Philadelphia,924-26 S 9th St,148
Burger Lane,39.9973553,-75.1669794,burgers,"{'delivery': 'True', 'takeout': 'True', 'outdoor': 'False', 'parking': ""{'garage': False, 'street': True, 'validated': False, 'lot': False, 'valet': False}""}",low,2.0,Philadelphia,2805 N 22nd St,14
Ricky Cafe,39.9555927735,-75.1885843277,american (new),"{'delivery': 'True', 'takeout': 'True', 'outdoor': 'False', 'parking': 'False'}",medium,4.0,Philadelphia,2-4 N 32nd St,5
Romano's Pizza Express,39.9952251,-75.1393742,pizza,"{'delivery': 'True', 'takeout': 'True', 'outdoor': 'False', 'parking': ""{'garage': False, 'street': False, 'validated': False, 'lot': False, 'valet': False}""}",low,2.5,Philadelphia,2901 N 5th St,24
Philly's Finest Pizza,40.0681765,-75.068702,pizza,"{'delivery': 'True', 'takeout': 'True', 'outdoor': 'False', 'parking': ""{'garage': False, 'street': False, 'validated': False, 'lot': True, 'valet': False}""}",medium,4.5,Philadelphia,7962 Dungan Rd,23
MexiCali,39.954940073,-75.2023024894,mexican,"{'delivery': 'False', 'takeout': 'True', 'outdoor': 'False', 'parking': ""{'garage': False, 'street': False, 'validated': False, 'lot': False, 'valet': False}""}",low,4.5,Philadelphia,38th & Walnut,50
7-Eleven,39.9492424097,-75.1739857577,coffee & tea,"{'delivery': 'True', 'takeout': 'True', 'outdoor': 'False', 'parking': ""{'garage': False, 'street': True, 'validated': False, 'lot': False, 'valet': False}""}",low,3.5,Philadelphia,226 W Rittenhouse Square,15
Subway,39.9824443591,-75.1559102741,sandwiches,"{'delivery': 'True', 'takeout': 'True', 'outdoor': 'True', 'parking': 'False'}",low,1.5,Philadelphia,1936 Liacouras Walk,6
Feltonville Express Pizza,40.0236527,-75.1243229,pizza,"{'delivery': 'True', 'takeout': 'True', 'outdoor': 'False', 'parking': ""{'garage': False, 'street': False, 'validated': False, 'lot': False, 'valet': False}""}",low,2.0,Philadelphia,4812 Rising Sun Ave,26
Moore Beverage,39.9266145,-75.1560886,beer,"{'delivery': 'False', 'takeout': 'True', 'outdoor': 'False', 'parking': ""{'garage': False, 'street': True, 'validated': False, 'lot': False, 'valet': False}""}",medium,4.0,Philadelphia,601 Moore St,14
The Beer Store,40.0844192769,-74.9649981286,beer,"{'delivery': 'False', 'takeout': 'True', 'outdoor': 'False', 'parking': ""{'garage': False, 'street': False, 'validated': False, 'lot': False, 'valet': False}""}",medium,3.5,Philadelphia,399 Franklin Mills Cir,25
Tsaocaa & sushi corner,39.942847,-75.159885,bubble tea,"{'delivery': 'True', 'takeout': 'True', 'outdoor': 'False', 'parking': ""{u'valet': False, u'garage': True, u'street': True, u'lot': False, u'validated': False}""}",medium,4.0,Philadelphia,1042 South St,23
Justin's Snack Corner,39.9502962,-75.2266546,burgers,"{'delivery': 'False', 'takeout': 'True', 'outdoor': 'False', 'parking': ""{'garage': False, 'street': True, 'validated': False, 'lot': False, 'valet': False}""}",low,4.5,Philadelphia,601 S 52nd St,7
La Marqueza - Food Truck,39.9610084469,-75.1666989129,mexican,"{'delivery': 'False', 'takeout': 'True', 'outdoor': 'False', 'parking': ""{'garage': True, 'street': False, 'validated': False, 'lot': False, 'valet': False}""}",low,4.5,Philadelphia,Spring Garden St,23
Orchard Smoothie and Cafe,39.9349405,-75.1636927,cafes,"{'delivery': 'True', 'takeout': 'True', 'outdoor': 'False', 'parking': 'False'}",medium,3.0,Philadelphia,1200  S Federal St,34
Oxford Beverage,40.0664431362,-75.0835920506,beer,"{'delivery': 'False', 'takeout': 'False', 'outdoor': 'False', 'parking': ""{'garage': False, 'street': False, 'validated': False, 'lot': True, 'valet': False}""}",medium,4.0,Philadelphia,7517 Oxford Ave,6
Giovanni's Pizzeria,40.0334795,-75.1758562,sandwiches,"{'delivery': 'True', 'takeout': 'True', 'outdoor': 'False', 'parking': ""{'garage': False, 'street': False, 'validated': False, 'lot': False, 'valet': False}""}",low,2.5,Philadelphia,5604 Greene St,46
Speedy Beverage Drive Thru,40.022363,-75.2092982,beer,"{'delivery': 'False', 'takeout': 'True', 'outdoor': 'False', 'parking': ""{'garage': False, 'street': False, 'validated': False, 'lot': True, 'valet': False}""}",medium,4.0,Philadelphia,5408 Ridge Ave,12
Otolith Sustainable Seafood,39.9842403,-75.123013,seafood markets,"{'delivery': 'True', 'takeout': 'True', 'outdoor': 'False', 'parking': ""{'garage': False, 'street': True, 'validated': False, 'lot': False, 'valet': False}""}",medium,5.0,Philadelphia,2133 Huntingdon St,10
Ippolito's Seafood,39.9049727,-75.1588247,grocery,"{'delivery': 'True', 'takeout': 'True', 'outdoor': 'False', 'parking': ""{'garage': False, 'street': True, 'validated': False, 'lot': False, 'valet': False}""}",medium,4.0,Philadelphia,3400 S Lawrence St,101
Chan's Halal Restaurant,39.9798334,-75.232945,asian fusion,"{'delivery': 'True', 'takeout': 'True', 'outdoor': 'False', 'parking': ""{'garage': False, 'street': False, 'validated': False, 'lot': False, 'valet': False}""}",medium,3.0,Philadelphia,5500 Lancaster Ave,44
Trio Breakfast & Lunch,40.03145806,-75.1788476379,chinese,"{'delivery': 'True', 'takeout': 'True', 'outdoor': 'False', 'parking': ""{'garage': False, 'street': False, 'validated': False, 'lot': False, 'valet': False}""}",low,3.0,Philadelphia,5548 Wayne Ave,35
Carl's Vineland Farm Eggs,39.936779,-75.1581763,butcher,"{'delivery': 'False', 'takeout': 'True', 'outdoor': 'False', 'parking': ""{u'valet': False, u'garage': None, u'street': True, u'lot': False, u'validated': False}""}",high,3.5,Philadelphia,1031 S 9th St,8
Asian Garden,39.9576083,-75.2036365,chinese,"{'delivery': 'True', 'takeout': 'True', 'outdoor': 'False', 'parking': ""{'garage': False, 'street': False, 'validated': False, 'lot': False, 'valet': False}""}",low,3.0,Philadelphia,4047 Market St,10
Burger King,40.0879342598,-74.9671626596,fast food,"{'delivery': 'True', 'takeout': 'False', 'outdoor': 'False', 'parking': ""{'garage': False, 'street': False, 'validated': False, 'lot': True, 'valet': False}""}",low,2.0,Philadelphia,90 Franklin Mills Blvd,19
Burger King,39.949709197,-75.1549760369,burgers,"{'delivery': 'True', 'takeout': 'True', 'outdoor': 'False', 'parking': ""{'garage': False, 'street': None, 'validated': False, 'lot': False, 'valet': False}""}",low,2.0,Philadelphia,15 S 8th St,32
TyeMeka's Soul Food,40.0381549,-75.1769466,soul food,"{'delivery': 'True', 'takeout': 'True', 'outdoor': 'False', 'parking': ""{'garage': False, 'street': True, 'validated': False, 'lot': False, 'valet': False}""}",medium,3.5,Philadelphia,5920 Germantown Ave,27
Penang,39.954044,-75.15598,malaysian,"{'delivery': 'True', 'takeout': 'True', 'outdoor': 'False', 'parking': ""{'garage': True, 'street': True, 'validated': False, 'lot': True, 'valet': False}""}",medium,3.5,Philadelphia,117 N 10th St,1112
Domino's Pizza,40.029773,-75.0994,pizza,"{'delivery': 'True', 'takeout': 'True', 'outdoor': 'False', 'parking': 'False'}",low,2.5,Philadelphia,4600 Roosevelt Blvd,17
Cottman Beverage,40.0394453,-75.0342361,beer,"{'delivery': 'False', 'takeout': 'True', 'outdoor': 'False', 'parking': ""{'garage': False, 'street': False, 'validated': False, 'lot': False, 'valet': False}""}",medium,3.0,Philadelphia,7544 Frankford Ave,5
Mommy Telly's Famous BBQ,39.9565322,-75.1891783,food trucks,"{'delivery': 'False', 'takeout': 'False', 'outdoor': 'False', 'parking': 'False'}",medium,5.0,Philadelphia,23 N 33rd St,14
HipCityVeg,39.950774,-75.170397,burgers,"{'delivery': 'True', 'takeout': 'True', 'outdoor': 'True', 'parking': ""{'garage': False, 'street': True, 'validated': False, 'lot': False, 'valet': False}""}",medium,4.0,Philadelphia,127 S 18th St,1082
Foods On First,39.954879,-75.1644704,sandwiches,"{'delivery': 'True', 'takeout': 'True', 'outdoor': 'False', 'parking': ""{'garage': False, 'street': False, 'validated': False, 'lot': False, 'valet': False}""}",low,3.5,Philadelphia,1429 Arch St,96
African Small Pot,39.9255169287,-75.2345210196,senegalese,"{'delivery': 'True', 'takeout': 'True', 'outdoor': 'True', 'parking': ""{'garage': None, 'street': True, 'validated': None, 'lot': False, 'valet': False}""}",low,4.0,Philadelphia,6505 Woodland Ave,49
Marrakesh,39.9420436,-75.1495102,mediterranean,"{'delivery': 'None', 'takeout': 'True', 'outdoor': 'True', 'parking': ""{'garage': False, 'street': True, 'validated': False, 'lot': False, 'valet': False}""}",medium,4.5,Philadelphia,517 S Leithgow St,659
Chickie's & Pete's,39.9114175,-75.1745111,seafood,"{'delivery': 'True', 'takeout': 'True', 'outdoor': 'True', 'parking': ""{'garage': False, 'street': None, 'validated': False, 'lot': True, 'valet': False}""}",medium,3.5,Philadelphia,1526 Packer Ave,590
